Param,Value
runs,100
J,5
N,5000
alpha,91.70414
s,81.24702
gamma1,11.86721
gamma2,5.814424e-06
gamma3,0.001918047
K,0.008126483
n1,1.202239
n2,0.9902102
Qmin,0
Qmax,20
Dmin,0
Dmax,0.5
start,0.0
stop,50.0
step,0.005
tspan,[0.0000e+00 5.0000e-03 1.0000e-02 ... 4.9990e+01 4.9995e+01 5.0000e+01]
x0,[0. 0. 0. 0. 0.]
n1,[0.1  0.48 0.86 1.24 1.62 2.  ]
n2,[0.1   0.575 1.05  1.525 2.   ]
